﻿<?xml version="1.0" encoding="utf-8"?>
<Patients>
  <Patient name="Bilal" DateOfBirth="2000-01-13T00:00:00" gender="male" email="google@google.com">
    <bpm>13</bpm>
    <time>1587984410</time>
    <Confidence>0</Confidence>
  </Patient>
<Patient name="Bilal" DateOfBirth="2000-01-13T00:00:00" gender="male" email="google@google.com">
    <bpm>13</bpm>
    <time>1587984410</time>
    <Confidence>0</Confidence>
  </Patient>
  <Patient name="ammar" DateOfBirth="2000-01-13T00:00:00" gender="male" email="google@google.com">
    <bpm>26</bpm>
    <time>1587984421</time>
    <Confidence>0</Confidence>
  </Patient>
  <Patient name="ammar" DateOfBirth="2000-01-13T00:00:00" gender="male" email="google@google.com">
    <bpm>50</bpm>
    <time>1587984425</time>
    <Confidence>0</Confidence>
  </Patient>
  <Patient name="ammar" DateOfBirth="2000-01-13T00:00:00" gender="male" email="google@google.com">
    <bpm>50</bpm>
    <time>1587984427</time>
    <Confidence>0</Confidence>
  </Patient>
  <Patient name="inam" DateOfBirth="2000-01-13T00:00:00" gender="male" email="google@google.com">
    <bpm>50</bpm>
    <time>1587984432</time>
    <Confidence>0</Confidence>
  </Patient>
  <Patient name="inam" DateOfBirth="2000-01-13T00:00:00" gender="male" email="google@google.com">
    <bpm>5111</bpm>
    <time>1587984436</time>
    <Confidence>0</Confidence>
  </Patient>
  <Patient name="inam" DateOfBirth="2000-01-13T00:00:00" gender="male" email="google@google.com">
    <bpm>5111</bpm>
    <time>1587984440</time>
    <Confidence>0</Confidence>
  </Patient>
  <Patient name="inam" DateOfBirth="2000-01-13T00:00:00" gender="male" email="google@google.com">
    <bpm>511131221</bpm>
    <time>1587984443</time>
    <Confidence>0</Confidence>
  </Patient>
</Patients>