﻿<?xml version="1.0" encoding="utf-8"?>
<Patients>
  <Patient name="Bilal Ashfaq" DateOfBirth="1998-05-22T00:05:00" gender="male" email="bilal75210@gmail.com">
    <bpm>120</bpm>
    <time>1587081285</time>
    <Confidence>0</Confidence>
  </Patient>
  <Patient name="Fahad" DateOfBirth="1998-05-22T00:05:00" gender="male" email="fahad@gmail.com">
    <bpm>120</bpm>
    <time>1587081299</time>
    <Confidence>0</Confidence>
  </Patient>
  <Patient name="DAni" DateOfBirth="1998-05-22T00:05:00" gender="male" email="dani@gmail.com">
    <bpm>120</bpm>
    <time>1587081308</time>
    <Confidence>0</Confidence>
  </Patient>
  <Patient name="Inam" DateOfBirth="2000-01-05T00:00:00" gender="male" email="inamgul07@gmail.com">
    <bpm>120</bpm>
    <time>1587084866</time>
    <Confidence>0</Confidence>
  </Patient>
  <Patient name="Inam" DateOfBirth="2000-01-05T00:00:00" gender="male" email="inamgul07@gmail.com">
    <bpm>135</bpm>
    <time>1587084876</time>
    <Confidence>0</Confidence>
  </Patient>
  <Patient name="Inam" DateOfBirth="2000-01-05T00:00:00" gender="male" email="inamgul07@gmail.com">
    <bpm>140</bpm>
    <time>1587084882</time>
    <Confidence>0</Confidence>
  </Patient>
  <Patient name="Inam" DateOfBirth="2000-01-05T00:00:00" gender="male" email="inamgul07@gmail.com">
    <bpm>90</bpm>
    <time>1587084889</time>
    <Confidence>0</Confidence>
  </Patient>
  <Patient name="Ammar" DateOfBirth="2008-11-28T00:12:00" gender="male" email="ammarmahmood28@gmail.com">
    <bpm>100</bpm>
    <time>1587085228</time>
    <Confidence>0</Confidence>
  </Patient>
</Patients>